INSERT INTO users VALUES (1, "Dana", 47);
INSERT INTO users VALUES (2, "Margot", 21);
INSERT INTO users VALUES (3, "Beauregard", 11);
INSERT INTO users VALUES (4, "Scarlett", 30);
INSERT INTO users VALUES (5, "Spiffy-Joe", 25);
INSERT INTO users VALUES (6, "Gusto", 50);
INSERT INTO users VALUES (7, "Salvatore", 61);
INSERT INTO users VALUES (8, "Simpson", 31);
INSERT INTO users VALUES (9, "Chester", 10);
INSERT INTO users VALUES (10, "Julio", 75);
INSERT INTO users VALUES (11, "Jimmy", 20);
INSERT INTO users VALUES (12, "Meghan", 41);
INSERT INTO users VALUES (13, "Josie", 50);
INSERT INTO users VALUES (14, "Carmelita", 46);
INSERT INTO users VALUES (15, "Eve", 19);
INSERT INTO users VALUES (16, "Susan", 34);
INSERT INTO users VALUES (17, "Tommy", 70);
INSERT INTO users VALUES (18, "Josephine", 40);
INSERT INTO users VALUES (19, "El Greco", 33);
INSERT INTO users VALUES (20, "Kimberly", 20);
INSERT INTO projects VALUES (1, "Feed the World", "Nonprofit", 25000, "May 3", "June 3");
INSERT INTO projects VALUES (2, "Lily Rose Make a Wish", "Wishes", 15000, "Sept 30", "Oct 31");
INSERT INTO projects VALUES (3, "Akeela Smith Make a Wish", "Wishes", 11000, "Apr 10", "Apr 30");
INSERT INTO projects VALUES (4, "Support the Newlyweds Greg and Susie", "Newlyweds", 6000, "June 10", "June 30");
INSERT INTO projects VALUES (5, "Support the Newlweds Julia and Jorge", "Newlyweds", 25000, "May 3", "June 3");
INSERT INTO projects VALUES (6, "Clean Water for Senegal", "Nonprofit", 180000, "Oct 3", "Dec 3");
INSERT INTO projects VALUES (7, "Christmas box for Overseas Military", "Armed Forces", 135000, "June 1", "Oct 20");
INSERT INTO projects VALUES (8, "Jimmy and Joe's commitment ceremony", "Newlyweds", 25000, "May 8", "June 8");
INSERT INTO projects VALUES (9, "Save the Children", "Nonprofit", 99000, "Jan 1", "Mar 30");
INSERT INTO projects VALUES (10, "Jane's Trip to Italy", "Travel and Trips", 11000, "Feb 1", "May 13");
INSERT INTO pledges (amount, user_id, project_id) VALUES (35, 1, 2);
INSERT INTO pledges (amount, user_id, project_id) VALUES (40, 1, 5);
INSERT INTO pledges (amount, user_id, project_id) VALUES (25, 1, 9);
INSERT INTO pledges (amount, user_id, project_id) VALUES (20, 2, 8);
INSERT INTO pledges (amount, user_id, project_id) VALUES (20, 2, 4);
INSERT INTO pledges (amount, user_id, project_id) VALUES (50, 3, 8);
INSERT INTO pledges (amount, user_id, project_id) VALUES (50, 3, 1);
INSERT INTO pledges (amount, user_id, project_id) VALUES (50, 4, 2);
INSERT INTO pledges (amount, user_id, project_id) VALUES (50, 5, 3);
INSERT INTO pledges (amount, user_id, project_id) VALUES (35, 5, 4);
INSERT INTO pledges (amount, user_id, project_id) VALUES (100, 6, 7);
INSERT INTO pledges (amount, user_id, project_id) VALUES (100, 6, 3);
INSERT INTO pledges (amount, user_id, project_id) VALUES (100, 6, 10);
INSERT INTO pledges (amount, user_id, project_id) VALUES (100, 6, 5);
INSERT INTO pledges (amount, user_id, project_id) VALUES (25, 7, 5);
INSERT INTO pledges (amount, user_id, project_id) VALUES (25, 7, 3);
INSERT INTO pledges (amount, user_id, project_id) VALUES (100, 8, 9);
INSERT INTO pledges (amount, user_id, project_id) VALUES (25, 8, 2);
INSERT INTO pledges (amount, user_id, project_id) VALUES (35, 9, 9);
INSERT INTO pledges (amount, user_id, project_id) VALUES (50, 10, 10);
INSERT INTO pledges (amount, user_id, project_id) VALUES (30, 11, 1);
INSERT INTO pledges (amount, user_id, project_id) VALUES (25, 12, 1);
INSERT INTO pledges (amount, user_id, project_id) VALUES (50, 13, 10);
INSERT INTO pledges (amount, user_id, project_id) VALUES (10, 14, 4);
INSERT INTO pledges (amount, user_id, project_id) VALUES (40, 15, 3);
INSERT INTO pledges (amount, user_id, project_id) VALUES (20, 16, 6);
INSERT INTO pledges (amount, user_id, project_id) VALUES (15, 17, 9);
INSERT INTO pledges (amount, user_id, project_id) VALUES (50, 18, 5);
INSERT INTO pledges (amount, user_id, project_id) VALUES (15, 19, 4);
INSERT INTO pledges (amount, user_id, project_id) VALUES (25, 20, 1);